Channel,Velocity,Conversion,Value
Banner Ads,,0.077795341,2586.099782
Email,110.7430423,0.052953627,2131.2
Search,124.2611703,0.069350277,6119.402184
Events,23.76195509,0.088924847,5757.40573
Social,,,5425.634412
Content Syndication,36.78418592,0.089063362,2396.927089
Nurture,30.72647931,0.024148051,6321.727997
Sponsorship,55.1225619,,1224.4
Display,143.331883,0.00218722,8178.076695
Retargetting,,0.087794138,8414.072599
Newsletter Sponsorship,,0.086061509,1503.153609
